Title,Description,Content,URL,Source,PublishedAt
Starting a business? Don't be afraid to speak up,"Listen and subscribe to Financial Freestyle on Apple Podcasts, Spotify, or wherever you find your favorite podcasts. When Neon Money Club co-founder Luke...","Listen and subscribe to Financial Freestyle on Apple Podcasts, Spotify, or wherever you find your favorite podcasts.
When Neon Money Club co-founder Luke Bailey launched his business, he kept a lot … [+923 chars]",https://finance.yahoo.com/video/starting-business-dont-afraid-speak-190639871.html,Yahoo Entertainment,2024-11-10T16:00:39Z
AI Gives Voice to Century-Old Diaries of Ernest Shackleton's Endurance Crew,The directors of Free Solo and Nyad used an AI voice generator to help tell one of the greatest survival stories of all time.,"Academy Award-winning filmmaker Chai Vasarhelyi knows how to tell a good story. 
The films she helped bring to life about American climber Alex Honnold conquering El Capitan without safety gear (Fre… [+4601 chars]",https://www.cnet.com/tech/services-and-software/ai-gives-voice-to-century-old-diaries-of-ernest-shackletons-endurance-crew/,CNET,2024-11-02T12:00:44Z
A man has been on a date in every state — twice. Here are 5 of his favorite date spots around the country.,"Matt Wurnig is the creator of 50 Dates 50 States. He told BI about five of his favorite date spots around the country, from New York to Alaska.","Matt Wurnig is the creator of 50 Dates 50 States.Courtesy of Matt Wurnig
<ul><li>Matt Wurnig is the creator of the online series 50 Dates 50 States.</li><li>Wurnig, 28, has been on a date in every s… [+5060 chars]",https://www.businessinsider.com/best-date-spots-around-america-50-dates-50-states-2024-11,Business Insider,2024-11-07T17:46:34Z
30 Must-Watch Biopics Based On Real Lives And Stories,"Discover captivating biopic films that tell inspiring true stories, bringing real-life heroes and iconic figures to the big screen.","Daniel Day-Lewis, center, earned Best Actor Oscar for ""Lincoln,"" one of the best biopics.
20th Century Fox
Biopic movies offer the perfect combination of escape and enrichment. Watching biopics inv… [+18321 chars]",https://www.forbes.com/sites/entertainment/article/biopic-movies/,Forbes,2024-11-09T14:00:00Z
Readers Respond to the July/August 2024 Issue,Letters to the editors for the July/August 2024 issue of Scientific American,"CURBING HUNGER PANGS
I enjoyed “Turning Down the Food Noise” [The New Science of Diet, Health and Appetite], Lauren J. Young’s article on the influence of satiety path­ways on food intake and how gl… [+7150 chars]",https://www.scientificamerican.com/article/readers-respond-to-the-july-august-2024-issue/,Scientific American,2024-11-19T13:00:00Z
10 Best War Movies Of The 2000s,"Explore the best war films of the 2000s, showcasing brutal action and inspiring stories, like Inglourious Basterds, Downfall, and The Pianist.","The 2000s were an incredible decade for filmmaking in general, but particularly for the war genre, which saw many modern classics being released. Many directors continued the traditions from the best… [+15385 chars]",https://screenrant.com/best-war-movies-of-the-2000s-list/,Screen Rant,2024-11-24T15:50:15Z
Liberate Yourself: 5 Reasons to Share Your Truth,"“When we deny our stories, they define us. When we own our stories, we get to write the ending.” ~ Brené Brown
Do you ever feel like a character in someone else’s play? More so, a victim in your own story?
I spent many years of my life this way. I was so cons…","When we deny our stories, they define us. When we own our stories, we get to write the ending. ~ Brené Brown
Do you ever feel like a character in someone elses play? More so, a victim in your own st… [+6945 chars]",https://tinybuddha.com/blog/liberate-yourself-5-reasons-to-share-your-truth/,Tinybuddha.com,2024-11-04T15:17:34Z
From Pretty Logos to Real Impact: How I Shifted My Focus from Visual to Emotional Branding,Read here to learn the power of emotional branding from Jenna Kutcher. Create connections and get results by aligning your business with your true self.,"Welcome to Creator Columns, where we bring expert HubSpot Creator voices to the Blogs that inspire and help you grow better.
I never wanted a business that only looked good from the outside. Creatin… [+12618 chars]",https://blog.hubspot.com/marketing/emotional-branding#article,Hubspot.com,2024-11-05T12:00:00Z
Celebrating the community: Prabhath,"We love hearing from members of the community and sharing the stories of amazing young people, volunteers, and educators who are using their passion for technology to create positive change in the world around them. Prabhath, the founder of the STEMUP Educati…","We love hearing from members of the community and sharing the stories of amazing young people, volunteers, and educators who are using their passion for technology to create positive change in the wo… [+5247 chars]",https://www.raspberrypi.org/blog/celebrating-the-community-prabhath/,Raspberrypi.org,2024-11-15T09:21:52Z
"Grape Digression 2024: Justine Osilla, Winemaker For Kabayan Wines","Discover the inspiring journey of a pioneering Filipino winemaker in this Q&A This article is a must-read for wine enthusiasts, the Filipino community, and aspiring winemakers.","Justine Osilla, Founder &amp; Winemaker for Kabayan Wines
Joshua Moffit
Justine Osilla, founder and winemaker for Kabayan Wines was raised in a traditional Filipino family that envisioned a stable … [+13510 chars]",https://www.forbes.com/sites/noelburgess/2024/11/02/grape-digression-2024-justine-osilla-winemaker-for-kabayan-wines/,Forbes,2024-11-02T16:03:22Z
Believe Entertainment Group Signs With Verve,EXCLUSIVE: Academy Award-winning NYC studio Believe Entertainment Group has signed with Verve for representation. The news follows the announcement of a Grammy nomination for the company’s Peacock documentary Kings from Queens: The Run DMC Story in the Best F…,"EXCLUSIVE: Academy Award-winning NYC studio Believe Entertainment Group has signed with Verve for representation.
The news follows the announcement of a Grammy nomination for the company’s Peacock d… [+2611 chars]",http://deadline.com/2024/11/believe-entertainment-group-signs-verve-1236182848/,Deadline,2024-11-20T22:17:36Z
How the Savannah College of Art and Design Empowered One Alumna to Rescue Her Family From the Taliban,Fashion student Sabrina Spanta received extraordinary help from SCAD to get her sisters out of Afghanistan — while still honoring the best of her culture.,"In 2021, when the Taliban returned to power in Afghanistan, Sabrina Spanta knew she had to get her younger sisters out. Spanta had emigrated to the United States two decades earlier and had fully emb… [+10637 chars]",https://www.indiewire.com/features/brand-content/scad-savannah-college-art-design-alumna-rescued-family-taliban-1235067818/,IndieWire,2024-11-20T20:52:04Z
How Chicago’s 16 On Center Became A Live Music Success Story,"Craig Golden and Bruce Finkelman, the business partners behind Chicago’s 16 on Center have found a successful model to be an independent live music company.","CHICAGO, ILLINOIS - MARCH 11: Iggy Pop performs at The Salt Shed on March 11, 2023 in Chicago, ... [+] Illinois. (Photo by Barry Brecheisen/Getty Images)
Getty Images
It isnt easy in 2024, especial… [+11790 chars]",https://www.forbes.com/sites/stevebaltin/2024/11/25/how-chicagos-16-on-center-became-a-live-music-success-story/,Forbes,2024-11-25T12:20:41Z
The Lucy Fossil’s Extraordinary Journey to Becoming an Icon of Human Evolution,The 3.2-million-year-old human ancestor known as Lucy rose to fame through an incredible combination of circumstances,"Fifty years ago researchers working in the Afar region of Ethiopia recovered a remarkable fossil of an ancient relative of ours. This specimen of a female hominin, or member of the human family, soon… [+8987 chars]",https://www.scientificamerican.com/article/the-lucy-fossils-extraordinary-journey-to-becoming-an-icon-of-human-evolution/,Scientific American,2024-11-11T11:00:00Z
How To Get The ‘MOST’ Out Of Your Philanthropic Strategy,These four foundational fundraising pillars provide a step-by-step framework for focusing your fundraising team’s efforts and increasing results.,"Karen S. Cochran, CFRE, is the Founder of Philanthropy Innovators and creator of The MOST Philanthropy Model.
getty
As the world of philanthropy keeps changing at an ever-increasing pace, many nonp… [+6746 chars]",https://www.forbes.com/councils/forbesnonprofitcouncil/2024/10/31/how-to-get-the-most-out-of-your-philanthropic-strategy/,Forbes,2024-10-31T11:00:00Z
The Incredible Winners of the Royal Photographic Society Awards for 2024,"For 146 years, the Royal Photographic Society Awards have been announcing the incredible works of many photographers around the world. Today, some of the most intriguing awards are for photojournalism, fashion, commercial, and young people. And quite frankly,…","For 146 years, the Royal Photographic Society Awards have been announcing the incredible works of many photographers around the world. Today, some of the most intriguing awards are for photojournalis… [+2559 chars]",https://www.thephoblographer.com/2024/11/11/the-incredible-winners-of-the-royal-photographic-society-awards-for-2024/,Thephoblographer.com,2024-11-11T14:00:00Z
Grit by Angela Duckworth,"Grit by Angela Duckworth explores what it takes to achieve long-term goals. Duckworth argues that talent alone isn’t enough. Instead, a combination of passion and perseverance—what she calls “grit”—is the key to success. She explains that people who stay comm…","Grit by Angela Duckworth explores what it takes to achieve long-term goals. Duckworth argues that talent alone isnt enough. Instead, a combination of passion and perseverancewhat she calls gritis the… [+862 chars]",https://nextbigwhat.com/grit-book-summary-audiobook/,Nextbigwhat.com,2024-11-20T05:36:02Z
"Hargeysa Cultural Center's Tape Wall in Hargeisa, Somalia","For the vast majority of Somali history, a massive body of cultural heritage was preserved only orally. It was not that Somali society had never developed writing; archeological work has uncovered ancient stone inscriptions spanning thousands of years. The wr…","For the vast majority of Somali history, a massive body of cultural heritage was preserved only orally. It was not that Somali society had never developed writing; archeological work has uncovered an… [+3813 chars]",https://www.atlasobscura.com/places/hargeysa-cultural-centers-tape-wall,Atlas Obscura,2024-11-06T19:30:00Z
“Let’s Boldly Confront Our Shared History:” In Conversation with Kossy Nnachetta of Feilden Clegg Bradley Studios,"The redevelopment of the International Slavery Museum (ISM) and Maritime Museum in Liverpool, UK, achieved planning approval in Autumn 2024. On this occasion, ArchDaily's editor Mohieldin Gamal had the opportunity to engage in a conversation with Kossy Nnache…","Liverpool Waterfront, location of the Maritime Museum &amp; International Slavery Museum, Liverpool by Feilden Clegg Bradley Studios, drone image 2024. Image Courtesy of National Museums Liverpool
T… [+13027 chars]",https://www.archdaily.com/1023283/lets-boldly-confront-our-shared-history-in-conversation-with-kossy-nnachetta-of-feilden-clegg-bradley-studios,ArchDaily,2024-11-12T05:00:00Z
How Tim Miller Adapted 15 Video Games for Amazon’s ‘Secret Levels’ Series,The Deadpool director discusses the celebration of gaming — even Concord — in a first-look interview,"If there’s one thing filmmaker Tim Miller knows how to do, it’s making cool-looking shit. As a director, he’s made action-heavy films like Terminator: Dark Fate (2019) and the first Deadpool (2016), … [+12803 chars]",http://www.rollingstone.com/culture/rs-gaming/tim-miller-secret-level-prime-video-1235161263/,Rolling Stone,2024-11-11T20:15:13Z
The Art Of Storytelling In Building A Personal Brand,"In a world where consumers crave genuine connections and transparency, your story can be the difference between blending in and standing out in a crowded marketplace.","Entrepreneur, philanthropist, manifestation expert, coach and international speaker. Regan Hillyer is here to help you make a bigger impact.
getty
As I stood on the stage, heart pounding, about to … [+6437 chars]",https://www.forbes.com/councils/forbescoachescouncil/2024/11/07/the-art-of-storytelling-in-building-a-personal-brand/,Forbes,2024-11-07T12:00:00Z
Mufasa: The Lion King Risks Breaking A 16 Year Rotten Tomatoes Streak If It Can't Beat 2019's Live-Action Remake,Director Barry Jenkins has an impressive streak that could end if his Lion King Prequel fails to win over critics and surpass its predecessor.,"Disney's Mufasa: The Lion King is seeking similar financial success as its predecessor, which earned $1.6 billion worldwide at the box office. The film may have difficulty achieving similar returns d… [+3189 chars]",https://screenrant.com/mufasa-barry-jenkins-rotten-tomatoes-streak-risk/,Screen Rant,2024-11-20T20:10:15Z
Writing in Pictures: Richard Scarry and the art of children's literature,The illustrator Chris Ware surveys the work of Richard Scarry.,"Chris WareThe original cover sketch for Richard Scarrys Cars and Trucks and Things That Go, which was first published in 1974. Courtesy Penguin Random House
As a boy, I knew I was supposed to like c… [+26477 chars]",https://yalereview.org/article/chris-ware-richard-scarry,Yalereview.org,2024-10-29T13:24:55Z
The Price Of Brilliance: What Musk's Leadership Style Really Costs,"Musk's leadership style works. but at what cost. toxic behaviour stifles innovation. Appreciative, compassionate leaders create more productive environments.","Elon Musk, owner of Tesla , SpaceX and the X (formerly Twitter) platform. (Photo by Beata ... [+] Zawrzel/NurPhoto via Getty Images)
NurPhoto via Getty Images
He who fights with monsters should loo… [+6639 chars]",https://www.forbes.com/sites/davewinsborough/2024/11/15/the-price-of-brilliance-what-musks-leadership-style-really-costs/,Forbes,2024-11-16T00:50:14Z
[Removed],[Removed],[Removed],https://removed.com,[Removed],2024-10-28T09:00:00Z
Schubert Motorsport: Where DTM Champions Are Made,"Schubert Motorsport had clinched the team title for the second time since 2022, and their 7,500 m² state-of-the-art facility located next to Motorsport Arena Oschersleben serves as the hub of their operation. Under the leadership of team principal Torsten Sch…","SHARE
 Schubert Motorsport: Where DTM Champions Are Made 
I recently had the privilege of visiting Schubert Motorsports headquarters in Oschersleben, Germany, just as the team returned from their v… [+4619 chars]",https://www.speedhunters.com/2024/11/schubert-motorsport-where-dtm-champions-are-made/,Speedhunters.com,2024-11-13T01:00:36Z
Year-End Approach: 17 To-Do List Items For Nonprofits To Remember,Taking the time to connect with donors and express your appreciation for their support helps create lasting relationships.,"getty
The end of the year offers nonprofits the opportunity to efficiently close out the current year. While the holiday season is a great time to wrap up in-progress goals and celebrate organizatio… [+8659 chars]",https://www.forbes.com/councils/forbesnonprofitcouncil/2024/11/18/year-end-approach-17-to-do-list-items-for-nonprofits-to-remember/,Forbes,2024-11-18T13:15:00Z
Post Performance Report: Masterful examples of executive brand advocacy,"It’s time for another edition of the Post Performance Report (PPR), a series where we showcase social media posts and campaigns inspiring us, and Read more...
The post Post Performance Report: Masterful examples of executive brand advocacy appeared first on S…","Its time for another edition of the Post Performance Report (PPR), a series where we showcase social media posts and campaigns inspiring us, and explore what makes them so genius. We unpack how your … [+11964 chars]",https://sproutsocial.com/insights/post-performance-report-november-2024/,Sproutsocial.com,2024-11-15T16:07:58Z
How the Ivy League Broke America,The meritocracy isn’t working. We need something new.,"Every coherent society has a social idealan image of what the superior person looks like. In America, from the late 19th century until sometime in the 1950s, the superior person was the Well-Bred Man… [+66986 chars]",https://www.theatlantic.com/magazine/archive/2024/12/meritocracy-college-admissions-social-economic-segregation/680392/,The Atlantic,2024-11-14T11:00:00Z
I want my deaf daughter to have the best of both worlds,"As the hearing parent of a deaf baby, I’m confronted with an agonising decision: should I give her an implant to help her hear?","I knew my daughter could hear: not just because she loved music, but because she had perfect rhythm. She punched her fists in the air like a human metronome, and brought a doughy heel to the ground p… [+22990 chars]",https://aeon.co/essays/why-i-want-my-deaf-daughter-to-have-the-best-of-both-worlds,Aeon.co,2024-11-15T11:26:18Z
How Companies Can Partner With Nonprofits For Social Impact,"Done properly, socially conscious, forward-thinking companies can partner with nonprofits to impact the world's future workforce in an amazing way.","Global Mentorship Initiative (GMI) founder Jon Browning smiles with the first group of GMI student ... [+] mentees in Johannesburg, South Africa in 2019.
The Global Mentorship Initiative
Many compa… [+7002 chars]",https://www.forbes.com/sites/katevitasek/2024/11/18/how-companies-can-partner-with-nonprofits-for-social-impact/,Forbes,2024-11-18T12:00:00Z
10 Wake-Up Calls We Often Get Too Late in Life,"There’s a big difference between empty fatigue and gratifying exhaustion. Life is too short not to focus more on what matters most. Before you know it you will be asking, “How did it get so late so soon?” Perhaps you can already relate. So take time to reflec…","There’s a big difference between empty fatigue and gratifying exhaustion. Life is too short not to focus more on what matters most.
Before you know it you will be asking, “How did it get so late so … [+9698 chars]",https://www.marcandangel.com/2024/11/07/10-life-lessons-people-learn-too-late/,Marcandangel.com,2024-11-07T15:21:35Z
Everything Coming To and Leaving Netflix in December 2024,"With November coming to an end, Netflix has unveiled its slate of new programming for December 2024.The final month of the year will see the release of the highly-anticipated Squid Game season two, the documentary Avicii - I'm Tim, A Nonsense Christmas with S…","With November coming to an end, Netflix has unveiled its slate of new programming for December 2024.The final month of the year will see the release of the highly-anticipated Squid Game season two, t… [+14663 chars]",https://hypebeast.com/2024/11/new-netflix-movies-films-tv-shows-december-2024,HYPEBEAST,2024-11-21T07:01:03Z
10 Famous Hominin Fossils That Changed Our Thinking About Human Origins,"Each of these ancient fossils, even if just a small part of a skeleton, represents an identifiable character in the story of humankind.","Our search into human origins is long and storied, with each fossilized discovery taking researchers in new directions. But a few fossils have allowed scientists to make such huge leaps forward in ou… [+11164 chars]",https://www.mentalfloss.com/human-fossils,Mental Floss,2024-11-01T12:01:00Z
Saturday Conversation: Bastille’s Dan Smith On His Love Of Literature,"Bastille's new album, '&,' is one of the albums of the year. A literate work that harkens back to the days of The Who thematically. We spoke with Dan Smith about it.","WARWICK, ENGLAND - JULY 19: Dan Smith of Bastille performs at Warwick Castle on July 19, 2023 in ... [+] Warwick, England. (Photo by Steve Thorne/Redferns)
Redferns
In the conversation about Bastil… [+15783 chars]",https://www.forbes.com/sites/stevebaltin/2024/11/09/saturday-conversation-bastilles-dan-smith-on-his-love-of-literature/,Forbes,2024-11-09T21:16:24Z
"Wicked offers a tantalizing taste of musical's magic, but still suffers from Part 1 syndrome","Wicked, led by Cynthia Erivo and Ariana Grande is impressively faithful to the movie-musical format. But with a full year remaining until Part 2 is released, there's still a lot to be desired.","With all the related examples in its rearview, it's understandable to look at Wicked as something of a success.
Even as a wide scope of people continue to profess a hatred for live-action musicals, … [+6685 chars]",https://www.cbc.ca/news/entertainment/wicked-movie-review-1.7390276,CBC News,2024-11-22T09:00:00Z
Toyota Gazoo Racing Claims World Title Victory!,"Toyota Gazoo Racing has once again proven its mettle in the highly competitive world of endurance racing. The team’s recent victory in the FIA World Endurance Championship (WEC) is a testament to their unwavering determination, exceptional skills, and strateg…",Toyota Gazoo Racing has once again proven its mettle in the highly competitive world of endurance racing. The team’s recent victory in the FIA World Endurance Championship (WEC) is a testament to the… [+6828 chars],https://www.geeky-gadgets.com/toyota-gazoo-racing-claims-world-title-victory/,Geeky Gadgets,2024-11-07T12:00:21Z
[Removed],[Removed],[Removed],https://removed.com,[Removed],2024-11-21T01:31:22Z
Scott Fitzgerald's Last Act,"The author’s final, unfinished novel fused intimations of American decline with an encroaching sense of his own mortality.","The final year of F. Scott Fitzgeralds life was both a tragedy and, in a more obscure sense, a triumph. Fitzgerald, who died of a heart attack at 44 in 1940, was sober and writing well when he died, … [+27111 chars]",https://www.city-journal.org/article/scott-fitzgeralds-last-act,City Journal,2024-10-28T16:25:37Z
"Inside the ‘The Penguin’ Finale: Surprise Deaths, Superhero Callbacks and What Oswald’s Fate Means For ‘The Batman Part II’","SPOILER ALERT: This article contains major plot details from the finale of HBO’s“The Penguin,” now streaming on Max. In the pantheon of television spinoffs of blockbuster films, “The Penguin” is an extraordinary achievement. The eponymous villain may be no Ba…","SPOILER ALERT: This article contains major plot details from the finale of HBO’s“The Penguin,” now streaming on Max.
In the pantheon of television spinoffs of blockbuster films, “The Penguin” is an … [+18666 chars]",https://variety.com/2024/tv/features/the-penguin-finale-deaths-oswald-fate-the-batman-2-1236204538/,Variety,2024-11-11T03:00:00Z
The Lang Lang Foundation On The Importance Of Music Education,"Having benefitted firsthand from music education, world-class pianist Lang Lang has committed to teaching music in schools with his foundation. I spoke to him about it.","BEIJING, CHINA - OCTOBER 22: Pianist Lang Lang performs during the Steinway &amp; Sons Spiriocast launch ... [+] event at Beijing Performing Arts Center on October 22, 2024 in Beijing, China. (Photo … [+12176 chars]",https://www.forbes.com/sites/stevebaltin/2024/11/18/the-lang-lang-foundation-on-the-importance-of-music-education/,Forbes,2024-11-18T22:49:28Z
[Removed],[Removed],[Removed],https://removed.com,[Removed],2024-11-07T11:00:01Z
"With a Trump victory, America now has a permission structure to vilify the LGBTQ+ community","When I took the dog out this morning, I did not want to open the door. We went out the backdoor of the building, because I — well, we — didn’t want to see anyone. Freddy is a Puerto Rican stray, so he’s sad too.","When I took the dog out this morning, I did not want to open the door. We went out the backdoor of the building, because I well, we didnt want to see anyone. Freddy is a Puerto Rican stray, so hes sa… [+4922 chars]",https://www.advocate.com/voices/trump-win-america-vilify-lgbtq,Advocate.com,2024-11-06T15:11:12Z
thoughtbot at Just Product 2024,"Couldn’t make it to this year’s Just Product conference in Munich? No worries, we’ve got you covered. Here’s our takeaways!","Last week I headed over to Germany for the Just Product 2024 conference at the very special venue of ASTOR Film Lounge im ARRI. It was a powerful day, packed with talks, workshops and networking, wit… [+3861 chars]",https://thoughtbot.com/blog/thoughtbot-at-just-product-2024,Thoughtbot.com,2024-10-28T00:00:00Z
The Menendez Brothers Mania: America’s Obsession With Bad Boys,"The Menendez brothers' story, rooted in crime, trauma, and shifting public opinion, exemplifies how media and cultural relevance can redefine justice.","BEVERLY HILLS, CALIF. - NOV. 30, 1989 - Menendez brothers, Erik, left, and Lyle on the steps of ... [+] their Beverly Hills home in November, 1989. (Ronald L. Soble / Los Angeles Times via Getty Imag… [+20939 chars]",https://www.forbes.com/sites/jeetendrsehdev/2024/10/28/the-menendez-brothers-mania-americas-obsession-with-bad-boys/,Forbes,2024-10-28T20:39:10Z
YouTube Telethon to Raise Money for ARRL Teachers Institute on Wireless Technology,"The ARRL Teachers Institute on Wireless Technology is growing next year, and a number of social media stars are coming together to help it happen. On Saturday, November 30, a live fundraiser telethon is set to take place on the Ham Radio Crash Course YouTube …","11/15/2024The ARRL Teachers Institute on Wireless Technology is growing next year, and a number of social media stars are coming together to help it happen. On Saturday, November 30, a live fundraise… [+1490 chars]",http://www.arrl.org/news/view/youtube-telethon-to-raise-money-for-arrl-teachers-institute-on-wireless-technology-1,Arrl.org,2024-11-15T22:03:00Z
"FBI Is Skipping A New Episode Ahead Of One Star's Major Milestone, But John Boyd Addressed The 'Absolute Honor' Of Playing Scola This Long",The next episode will be one worth celebrating for John Boyd.,"FBI got off to an emotional start in the 2024 TV schedule with the departure of Tiff, with the Season 7 premiere serving as the final episode for previous series regular Katherine Renee Kane. A runni… [+3170 chars]",https://www.cinemablend.com/interviews/fbi-skipping-new-episode-ahead-of-one-star-milestone-but-john-boyd-addressed-playing-scola-this-long,CinemaBlend,2024-11-05T23:43:40Z
This Indigenous Cyclist Rides for More Than Himself,"Neilson Powless, the first first tribally recognized Native North American to compete in the Tour de France, knows people at home are always watching him race.","This story is part of Indigenous in Fitness, a series of articles highlighting the challenges and triumphs faced by Indigenous trainers, athletes, and gym owners. Read the rest of the stories here. … [+8617 chars]",https://www.menshealth.com/fitness/a62627099/neilson-powless-indigenous-cyclist/,menshealth.com,2024-11-18T14:00:00Z
"Disney World News Roundup: Wildlife Wins, Palace Intrigue, Shoes News, Figment Goes Global","It’s been ages since we’ve done a Walt Disney World news roundup, but there are a few stories that caught my eye and I figured are worth sharing in consolidated form. This covers Disney’s inspiring commitment to conservation, palace intrigue about Bob Iger’s …","It’s been ages since we’ve done a Walt Disney World news roundup, but there are a few stories that caught my eye and I figured are worth sharing in consolidated form. This covers Disney’s inspiring c… [+16476 chars]",https://www.disneytouristblog.com/disney-world-news-roundup-wildlife-wins-palace-intrigue-shoes-news-figment-goes-global/,Disneytouristblog.com,2024-10-28T16:27:34Z
Dr. Mark Hyman: How To Reclaim Your Health In A Food System Designed To KILL You,"Welcome back to the School of Greatness. Today, I sit down with renowned physician and 15-time New York Times bestselling author Dr. Mark Hyman to uncover the shocking truth about America’s health crisis and food system. Dr. Hyman reveals how our modern food …","Welcome back to the School of Greatness. Today, I sit down with renowned physician and 15-time New York Times bestselling author Dr. Mark Hyman to uncover the shocking truth about America’s health cr… [+703 chars]",https://lewishowes.com/podcast/dr-mark-hyman-how-to-reclaim-your-health-in-a-food-system-designed-to-kill-you/,Lewishowes.com,2024-11-18T11:00:53Z
"As the world digests Trump's re-election, Lisa McCune stars in 'the play that explains his win'","Lisa McCune stars in the Australian premiere of Lynn Nottage's Pulitzer Prize-winning Sweat, a play that uncovers the simmering tensions beneath America in 2024.","When Lisa McCune is acting in a play, or even in a musical, there's always a line that sticks with her.
In the case of Sweat, on now at Sydney Theatre Company, it's the last line of the play: ""That'… [+8222 chars]",https://www.abc.net.au/news/2024-11-14/lisa-mccune-sweat-lynn-nottage-sydney-theatre-company-stc/104571844,ABC News (AU),2024-11-13T20:04:28Z
How YouTube Became A Horror Playground,"Horror has been rising on YouTube, leading to new genres like “analog horror,” and big opportunities for creators such as Sam and Colby, and Kane Pixels.","An image capturing the vibe of analog horror on YouTube
YouTube/Markiplier 
YouTube is a spooky place these days; horror content has been rising in popularity throughout the video-sharing platform,… [+8770 chars]",https://www.forbes.com/sites/danidiplacido/2024/10/27/how-youtube-became-a-horror-playground/,Forbes,2024-10-27T14:11:31Z
3 New Films Offer Wisdom to Parents,"In its own way, each of these three new-release films offers helpful wisdom about raising resilient kids in a harsh world.","Parenting often feels like a delicate balance. You want to protect your children from harm, but you dont want to overprotect them in a way that can cause a different sort of long-term harm. You want … [+8979 chars]",https://www.thegospelcoalition.org/article/blitz-lost-mountain-maine-wild-robot/,Thegospelcoalition.org,2024-11-02T04:02:00Z
"Yoga Gives Back Gala: Celebrating Donna De Lory, Belinda Carlisle, And Kayoko Mitsumatsu For Their Impact On Women, Children, And Animal Welfare","There are two activities I don’t practice myself but love to cover—Yoga and Surfing—simply because they’re wonderfully drama-free. Last Sunday’s Yoga Gives Back Annual Global Gala at Wolfsglen in Los Angeles perfectly captured this spirit. On November 10th, 2…",There are two activities I dont practice myself but love to coverYoga and Surfingsimply because theyre wonderfully drama-free. Last Sundays Yoga Gives Back Annual Global Gala at Wolfsglen in Los Ange… [+6183 chars],https://bitrebels.com/lifestyle/yoga-gives-back-gala-celebrating-donna-de-lory-belinda-carlisle-and-kayoko-mitsumatsu-for-their-impact-on-women-children-and-animal-welfare/,Bitrebels.com,2024-11-16T07:00:08Z
Top 8 Basketball Movies Based on True Stories Every Fan Should Watch,,"Hoop Dreams, Real Stories: The Best Basketball Movies Based on Fact
Slam Dunk Your Watchlist
Sports and cinema have always shared a deep connection, with some of the most unforgettable moments in fil… [+5251 chars]",https://www.spoilertv.com/2024/10/top-8-basketball-movies-based-on-true.html,Spoilertv.com,2024-10-31T13:51:00Z
"SZN Opener: UNC’s Mekhi Ashford Grew Up Playing Ice Hockey In Atlanta, Talks Diversity, NIL & More","UNC ice hockey player Mekhi Ashford kicks off season three of the SZN Opener podcast hosted by Rodney Rikai. He shared his journey playing hockey in Atlanta, Georgia and how he came to play for the North Carolina Tar Heels.
The post SZN Opener: UNC’s Mekhi As…","Welcome to SZN Opener, the dynamic podcast series that celebrates Black college athletes, exploring their triumphs, challenges and aspirations along their sports journeys.
SZN Opener is back with br… [+4758 chars]",http://bossip.com/2749475/szn-opener-uncs-mekhi-ashford-grew-up-playing-ice-hockey-in-atlanta-talks-diversity-nil-more/,Bossip,2024-11-20T17:48:01Z
The best jobs in the world: How Lighthouses shape production’s future,The Fourth Industrial Revolution offers companies a path to sustainability and productivity through advanced technologies. Members of the Global Lighthouse Network demonstrate this potential.,"Companies globally are looking to adopt Fourth Industrial Revolution (4IR) technologies to boost both productivity and sustainability. However, the path to success is fraught with challenges, from ou… [+27872 chars]",https://www.mckinsey.com/capabilities/operations/our-insights/the-best-jobs-in-the-world-how-lighthouses-shape-productions-future,Mckinsey.com,2024-11-06T00:00:00Z
Building Trust As A System: Rethinking Company Culture As Tech Architecture,"Leaders frequently focus on metrics and processes when challenges arise, but many overlook the need to examine and strengthen their cultural foundation.","In the fast-paced world of technology, innovation often takes center stage. However, the true backbone of a thriving company is its design of the company culture the invisible architecture that holds… [+14129 chars]",https://www.forbes.com/sites/ajthomas/2024/11/24/building-trust-as-a-system-rethinking-company-culture-as-tech-architecture/,Forbes,2024-11-25T01:25:04Z
27 Best SaaS Websites + Insights About Them,"The best SaaS websites that both B2C and B2B companies can learn from include Slack, Shopify, and Stripe.","A great website is an effective way to showcase your software and build trust with your visitors. 
What makes for a great website?
Were about to uncover what sets the best SaaS websites like Slack,… [+22465 chars]",https://www.semrush.com/blog/best-saas-websites/,Semrush.com,2024-11-12T11:31:00Z
110+ Nonprofit Marketing Statistics and Insights You Should Know,"Fun fact: on average, desktop users donate nearly 50% more than mobile users. And that’s just one of the many eye-opening statistics we’ve learned about nonprofit marketing. At WPBeginner, we have helped lots of nonprofits improve their online presence to suc…","Fun fact: on average, desktop users donate nearly 50% more than mobile users. And that’s just one of the many eye-opening statistics we’ve learned about nonprofit marketing.
At WPBeginner, we have h… [+33770 chars]",https://www.wpbeginner.com/research/nonprofit-marketing-statistics-and-insights-you-should-know/,Wpbeginner.com,2024-11-01T10:00:00Z
Revolutionizing Literacy Instruction: The Power Of AI Reading Passages In K-12 Education,"AI reading passages promote student engagement and literacy success through personalization, adaptive learning, and real-time feedback. Explore how reading passages differ from traditional texts and how educators can use them to create exciting and impactful …","According to the National Assessment of Educational Progress (NAEP), fewer students read for fun and write daily. The NAEP also found that only 32% of fourth-grade public school students performed at… [+11300 chars]",https://elearningindustry.com/revolutionizing-literacy-instruction-the-power-of-ai-reading-passages-in-k-12-education,Elearningindustry.com,2024-11-13T12:00:32Z
How Black entrepreneurs can capitalize on their identity,"It’s never easy to create a successful business, but it’s a lot harder if you’re Black.



Research shows that Black startup founders face significant, racially specific hurdles, including limited access to entrepreneurship training programs and challenges ac…","Research shows that Black startup founders face significant, racially specific hurdles, including limited access to entrepreneurship training programs and challenges accessing predominantly white net… [+1295 chars]",https://www.fastcompany.com/91231770/black-entrepreneurs-business-owners-capitalize-identity,Fast Company,2024-11-21T17:45:00Z
Data Analytics Helps TikTok Marketers Boost Reach,Data analytics can be very helpful for brands trying to get more reach on TikTok.,"Marketing analytics is becoming very important in 2024. Brands are expected to spend $6.31 billion on it this year.
One of the biggest benefits of data analytics is that it can help with social medi… [+8952 chars]",https://www.smartdatacollective.com/data-analytics-helps-tiktok-marketers-boost-reach/,Smartdatacollective.com,2024-11-12T20:43:11Z
Why Visual Thinking Inspires Clear and Powerful Strategies,"Imagine trying to explain a complex idea to your team, only to be met with blank stares and confusion. We’ve all been there, struggling to bridge the gap between our thoughts and others’ understanding. This is where visual thinking comes into play, transformi…","Imagine trying to explain a complex idea to your team, only to be met with blank stares and confusion. We’ve all been there, struggling to bridge the gap between our thoughts and others’ understandin… [+6383 chars]",https://www.geeky-gadgets.com/visual-thinking-techniques/,Geeky Gadgets,2024-11-01T13:47:47Z
Inside Harley-Davidson’s eCommerce Evolution: Director Kim Jackson on Authenticity and Agility,"""For me, authenticity is key. Anytime I've tried to adjust how I lead or how I work with others to fit into a culture that wasn't aligned with who I am, it has been a fail,"" Jackson explained candidly. Finding a company culture that aligns with personal value…","As eCommerce reshapes the retail world, Harley-Davidsona brand steeped in tradition and heritageis exploring new ways to innovate and connect with customers. Kim Jackson, the Director of eCommerce at… [+7442 chars]",https://www.webpronews.com/inside-harley-davidsons-ecommerce-evolution-director-kim-jackson-on-authenticity-and-agility/,WebProNews,2024-11-19T15:36:32Z
Turn market challenges into strategic opportunities at ICNY,"Kick off 2025 with Inman Connect New York, the must-attend event for real estate pros looking to overcome market challenges. Discover new strategies, connect with industry leaders, and position yourself for growth in the year ahead.","Whether its refining your business model, mastering new technologies, or discovering strategies to capitalize on the next market surge, Inman Connect New York will prepare you to take bold steps forw… [+5874 chars]",https://www.inman.com/2024/10/30/turn-real-estate-market-challenges-into-strategic-opportunities-at-inman-connect-new-york/,Inman,2024-10-30T09:00:59Z
Blessings From Katie Gavin,"Katie Gavin is best known as the singer of popular queer band MUNA, but she’s embarking on a new journey this fall: her first solo album, ‘What a Relief.’","Going solo can be a risky endeavor, but for MUNA fans, the release of Katie Gavins album What a Relief has been received with nothing but open arms. Coming right off the success of her bands third al… [+7931 chars]",http://www.thecut.com/article/katie-gavin-solo-album-interview-what-a-relief.html,The Cut,2024-10-29T15:00:31Z
Engaging Government in Collective Action,"Working with governments to co-create programs and funding strategies can
unlock resources far beyond what any single organization can do on its own.",Joining forces with government can turn small-scale social efforts into large-scale innovations that benefit historically under-resourced and underserved communities. The most pressing challenges of … [+10542 chars],https://ssir.org/articles/entry/system-orchestrators-government-partnerships,Ssir.org,2024-11-19T12:54:00Z
"Oluremi Tinubu, APC women leader seek more female representation","Nigeria’s First Lady, Oluremi Tinubu, and the APC national women leader, Mary Idele-Alile, have decried the low level of women in Nigeria’s political space. Speaking at a political event themed ‘Empowering APC women for leadership and nation building’ in Abuj…","Nigeria’s First Lady, Oluremi Tinubu, and the APC national women leader, Mary Idele-Alile, have decried the low level of women in Nigeria’s political space.
Speaking at a political event themed ‘Emp… [+3567 chars]",https://punchng.com/oluremi-tinubu-apc-women-leader-seek-more-female-representation/,The Punch,2024-11-03T21:00:43Z
"It’s wild out there. Time to rest, renew, reset: The Download","With professional, political and personal struggles on all sides, let's take a break with some feel-good, self-care, positive-thinking resources.","Whether its refining your business model, mastering new technologies, or discovering strategies to capitalize on the next market surge, Inman Connect New York will prepare you to take bold steps forw… [+4027 chars]",https://www.inman.com/2024/11/09/its-wild-out-there-time-to-rest-renew-reset-the-download/,Inman,2024-11-09T10:00:04Z
Inside the Smithsonian’s Archives of American Art 70th Anniversary Gala,"In her speech, newly appointed director Anne Helmreich emphasized the center’s role in safeguarding the diverse stories that define American art.","The annual Archives of American Art gala was hosted at The Rainbow Room. Madeleine Thomas/BFA.com
Established in 1954, the Smithsonians Archives of American Art (the Archives) is the worlds largest … [+11787 chars]",https://observer.com/2024/10/smithsonian-archives-of-american-art-gala-anne-helmreich-interview/,Observer,2024-10-31T15:24:20Z
Sophie Wilde: ‘Nicole Kidman said to me ‘you’re the new generation’’,"As her Loewe fragrance campaign is revealed, Sophie Wilde talks to Dazed about the partnership as well as her upcoming film Babygirl and filming with Halina Reijn","Within just a few moments of Sophie Wilde arriving, her infectious joie de vivre has filled the room. Were in Paris to celebrate the launch of her new campaign for Loewe fragrances, specifically the … [+8076 chars]",https://www.dazeddigital.com/beauty/article/65098/1/sophie-wilde-loewe-nicole-kidman-said-to-me-youre-the-new-generation?utm_source=Link&utm_medium=Link&utm_campaign=RSSFeed&utm_term=sophie-wilde-nicole-kidman-said-to-me-you-re-the-new-generation,Dazed,2024-11-14T17:55:00Z
From Vision to Impact: Innovate Like a Pro! Michelle Felice-Steele on Product Management Success,"Productside Stories Season 2 Episode 10: Michelle Felice-Steele Join us for Episode 10 of Trailblazing Women in Product Management, where host Nicole Tieche sits down with Michelle Felice-Steele, Vice President of Product Management at Experian Consumer Servi…","Join us for Episode 10 of Trailblazing Women in Product Management, where host Nicole Tieche sits down with Michelle Felice-Steele, Vice President of Product Management at Experian Consumer Services.… [+665 chars]",https://productside.com/from-vision-to-impact-innovate-like-a-pro-michelle-felice-steele-on-product-management-success/,Productside.com,2024-11-19T13:10:38Z
Allyship efforts can face pushback in the workplace. Here’s why it happens and what leaders can do about it,"Allyship is most needed in male-dominated environments, where gender equity efforts are often met with the greatest resistance.","Leaders who back up allyship statements with tangible actions build stronger connections with employees. (Shutterstock)
When leaders visibly champion diversity and equality in the workplace, they se… [+7504 chars]",https://theconversation.com/allyship-efforts-can-face-pushback-in-the-workplace-heres-why-it-happens-and-what-leaders-can-do-about-it-242553,The Conversation Africa,2024-11-18T17:09:57Z
What used to be the biggest Denzel Washington movie in history?,"Frank Lucas (Denzel Washington) walking down the street in American Gangster (2007)
Shockingly, for the first time in history this weekend, a movie star of Denzel Washington’s caliber had a movie opening to $50+ million in North America. Typically, Washington…","Shockingly, for the first time in history this weekend, a movie star of Denzel Washington’s caliber had a movie opening to $50+ million in North America. Typically, Washington has anchored adult-skew… [+5321 chars]",http://comicbook.com/movies/news/denzel-washington-biggest-movies-box-office-openings-gladiator-2/,ComicBook.com,2024-11-25T23:20:03Z
6 Best Practices for Increasing Engagement with Digital Impact Reports,"To get the attention of your donors and increase their engagement, you can make your impact report come to life. [...]
The post 6 Best Practices for Increasing Engagement with Digital Impact Reports first appeared on The ENGAGE Blog by Blackbaud.","To get the attention of your donors and increase their engagement, you can make your impact report come to life. To do that, it needs to live where your audience lives: online. Making your report web… [+4800 chars]",https://blog.blackbaud.com/digital-impact-report-best-practices/,Blackbaud.com,2024-11-05T18:15:43Z
Deep dive: Crafting your product vision and mission,"As Product Managers and Product Leaders, it’s easy to get caught up in the day-to-day grind of feature releases, bug fixes, and user feedback. But amidst this whirlwind of activity, how do successful product teams stay focused on what truly matters? The answe…","As Product Managers and Product Leaders, its easy to get caught up in the day-to-day grind of feature releases, bug fixes, and user feedback. But amidst this whirlwind of activity, how do successful … [+27298 chars]",https://www.mindtheproduct.com/deep-dive-crafting-your-product-vision-and-mission/,Mindtheproduct.com,2024-11-20T14:00:00Z
Alliants and Les Clefs d’Or International Announce Partnership Alongside the Release of “Masters of Hospitality” Documentary Series.,"London, UK — [Date] — Alliants, a leading provider of cutting-edge guest experience technology solutions for the hospitality industry, is thrilled to announce a strategic partnership with Les Clefs d’Or International, the esteemed global association of profes…","London, UK [Date] Alliants, a leading provider of cutting-edge guest experience technology solutions for the hospitality industry, is thrilled to announce a strategic partnership with Les Clefs d'Or … [+3957 chars]",https://www.hospitalitynet.org/news/4124381.html,Hospitality Net,2024-10-29T14:05:44Z
This Indigenous Powerlifter Wants to Build Strength in His Community,Oklahoma State University All-American powerlifter Ethan Winn shares how he got into the sport and how he plans to help other Cherokee youth build strength.,"This story is part of Indigenous in Fitness, a series of articles highlighting the challenges and triumphs faced by Indigenous trainers, athletes, and gym owners. Read the rest of the stories here. … [+9798 chars]",https://www.menshealth.com/fitness/a62627024/ethan-winn-indigenous-cherokee-powerlifting/,menshealth.com,2024-11-18T14:00:00Z
90 Day Fianc: 10 Stars Who Lost The Most Weight In 2024 Ranked (See The Biggest Transformations In Photos),90 Day Fianc stars who have lost most weight in 2024 share their before and after photos to show their incredible transformations and reveal secrets.,"90 Day Fiancé is a franchise about relationships and love, but its also about stories of personal growth, and several cast members inspire fans through their weight-loss journeys. Lately, the 90 Day … [+12515 chars]",https://screenrant.com/90-day-fiance-stars-lost-most-weight-2024-biggest-weight-loss-transformations-ranked-list/,Screen Rant,2024-11-22T03:35:23Z
Creative writing workshop conducted,"HT Correspondent TEZPUR, Nov 7: One of the leading educational institutions in the greater Behali area, Sankardeva Jatiya Vidyalaya, Rajgarh, organised a workshop on creative writing on Thursday under the banner of ‘Digdarshan’, a special initiative to educat…","HT Correspondent
TEZPUR, Nov 7: One of the leading educational institutions in the greater Behali area, Sankardeva Jatiya Vidyalaya, Rajgarh, organised a workshop on creative writing on Thursday und… [+1167 chars]",https://thehillstimes.in/assam/creative-writing-workshop-conducted,Thehillstimes.in,2024-11-08T00:15:00Z
Top 5 takeaways from 2024 The Hospitality Show in San Antonio Last Week,Couldn’t make it The Hospitality Show this year or just curious for a quick rundown? Let’s hit rewind and check it out together.,"Couldnt make it The Hospitality Show this year or just curious for a quick rundown? Lets hit rewind and check it out together.
The Hospitality Show, a collaboration between Questex and the American … [+4615 chars]",https://www.hospitalitynet.org/opinion/4124522.html,Hospitality Net,2024-11-07T02:03:06Z
How Hollywood Is Failing Young Men,On-screen depictions of masculinity have changed over time.,"Are young men OK? Thats a question that seems to be on many a mind these days as conversations about gender, sexuality, and what it means to be a man reach a fever pitch inthemediaand beyond. A large… [+16502 chars]",https://slate.com/culture/2024/11/entertainment-hollywood-masculinity-male-role-models-movies-tv-social-media.html,Slate Magazine,2024-11-16T16:00:00Z
Rajamouli confesses Suriya has a hidden link to Bahubali. Ace director shares a personal regret,"At the pre-release event of Kanguva, SS Rajamouli revealed that actor Suriya played a key role in inspiring his decision to take Telugu cinema beyond the borders of Andhra Pradesh and Telangana, leading to the pan-India success of Baahubali. Rajamouli credite…","Renowned filmmaker SS Rajamouli, known for his monumental success with Baahubali and RRR, recently expressed his admiration for Tamil star Suriya, revealing how the actor played a pivotal role in sha… [+2546 chars]",https://economictimes.indiatimes.com/magazines/panache/rajamouli-confesses-suriya-has-a-hidden-link-to-bahubali-ace-director-shares-a-personal-regret/articleshow/115089916.cms,The Times of India,2024-11-08T14:38:35Z
"From camp chairs and double-headers to Wimbledon champions, the WBBL has come a long way in 10 years","As the Women's Big Bash League celebrates a decade of existence, Meg Lanning remembers the day she played against Ash Barty in a T20 cricket match.","It was December 2015 and Meg Lanning was in for a big day.
At an overcast Junction Oval, she pulled on her Melbourne Stars kit and wiped zinc across the bridge of her nose in preparation for a doubl… [+7398 chars]",https://www.abc.net.au/news/2024-10-26/meg-lanning-reflects-on-the-humble-start-of-the-wbbl/104516818,ABC News (AU),2024-10-25T23:00:49Z
"National Geographic Charts Future with Bold, New Unscripted Series Slate with Storytelling Dynamism, Technical Innovation and Extraordinary Access at Its Heart","""These new unscripted series epitomize everything National Geographic stands for - bold, captivating storytelling rooted in world-class research and expertise,"" said Tom McDonald, executive vice president of Global Unscripted and Factual Content.","NATIONAL GEOGRAPHIC CHARTS FUTURE WITH BOLD, NEW UNSCRIPTED SERIES SLATE WITH STORYTELLING DYNAMISM, TECHNICAL INNOVATION AND EXTRAORDINARY ACCESS AT ITS HEART 
New Series Greenlights Include the Fo… [+10036 chars]",http://www.thefutoncritic.com/news/2024/11/19/national-geographic-charts-future-with-bold-new-unscripted-series-slate-with-storytelling-dynamism-technical-innovation-and-extraordinary-access-at-its-heart-231311/20241119ngc01/,Thefutoncritic.com,2024-11-19T09:01:00Z
KJo Promotes Self-Discovery In His Latest Post. Check It Out,"Lately, the director has been revealing a more philosophical side, often posting cryptic messages on social media","Mumbai: Filmmaker Karan Johar recently shared some words of wisdom on social media. On Tuesday, KJo took to his Instagram Stories and posted an inspiring quote about surrounding oneself with the best… [+1812 chars]",https://www.ndtv.com/entertainment/karan-johar-says-learn-how-to-be-happy-alone-6999509,NDTV News,2024-11-12T06:36:37Z
"Regrading 2021 college football coaching hires: Texas, Tennessee get 'A+' marks for successful moves","Meanwhile, Auburn earned a failing grade for the Bryan Harsin debacle on The Plains","Time may heal all wounds. Just don't tell college football coaches. 
CBS Sports has decided to go back three years and regrade the 16 new hires we evaluated in the 2021 hiring cycle. There are plent… [+11680 chars]",https://www.cbssports.com/college-football/news/regrading-2021-college-football-coaching-hires-texas-tennessee-get-a-marks-for-successful-moves/,CBS Sports,2024-10-29T19:30:40Z
"Yes, cricket is still our national sport — it has evolved with Australia","From kids running around in suburban parks to the gruelling Test arena, cricket continues to inspire, unite and spread joy. 
The post Yes, cricket is still our national sport — it has evolved with Australia appeared first on Crikey.","The question of what Australias national sport is has occupied us for decades, igniting passionate debate at the pub, forcing us to grapple with ideas of what makes a sport part of the national ident… [+5312 chars]",https://www.crikey.com.au/2024/11/15/the-friday-fight-yes-cricket-national-sport/,Crikey,2024-11-14T22:54:42Z
Gero Lange of BTT Solutions Wins Twice in the 2024 Business Worldwide Magazine CEO Awards,"Gero Lange, CEO of BTT Solutions, has been named ""Business Transformation CEO of the Year - Germany"" and ""Industrial Engineering CEO of the Year - Europe"" in the 2024 Business Worldwide Magazine CEO Awards. LONDON, Nov. 13, 2024 /PRNewswire/ -- The prestigiou…","Gero Lange, CEO of BTT Solutions, has been named ""Business Transformation CEO of the Year - Germany"" and ""Industrial Engineering CEO of the Year - Europe"" in the 2024 Business Worldwide Magazine CEO … [+2808 chars]",https://www.prnewswire.co.uk/news-releases/gero-lange-of-btt-solutions-wins-twice-in-the-2024-business-worldwide-magazine-ceo-awards-302303227.html,PR Newswire UK,2024-11-13T09:00:00Z
The Fairy Tale We’ve Been Retelling for 125 Years,"Every generation has an Oz story, but one retelling best captures what makes L. Frank Baum’s world sing.","The clearest candidate for America’s favorite fairy tale might be The Wonderful Wizard of Oz. The author L. Frank Baum set the novel, published in 1900, in a fantasy land that shares core American va… [+7494 chars]",https://www.theatlantic.com/culture/archive/2024/11/wicked-movie-wizard-of-oz-history/680782/,The Atlantic,2024-11-23T15:00:00Z
‘Peas And Carrots’ On Menu At Upcoming Dances With Films Festival — New York,"EXCLUSIVE: Evan Oppenheimer’s narrative feature Peas and Carrots will open the third annual Dances With Films – NYC, one of more than a dozen world premieres at the bicoastal festival. The full lineup announced today includes more than 75 feature-length narra…","EXCLUSIVE: Evan Oppenheimer’s narrative feature Peas and Carrots will open the third annual Dances With Films – NYC, one of more than a dozen world premieres at the bicoastal festival.
The full line… [+38079 chars]",http://deadline.com/2024/11/2024-dances-with-films-new-york-lineup-announcement-1236177787/,Deadline,2024-11-15T16:00:00Z
Sondheimer: Santa Margarita High changes how it celebrates college-bound athletes,High school athletes heading to college on scholarship no longer sign a letter of intent. Instead they accept grant-in-aid and NIL funds.,"Swimmer Teagan O'Dell (left) and softball outfielder Jillian Torres of Santa Margarita High will be signing grants in aid with Cal and Notre Dame, respectively, as a new era in college recruiting beg… [+3990 chars]",https://sports.yahoo.com/sondheimer-santa-margarita-high-changes-113032059.html,Yahoo Entertainment,2024-10-30T11:30:32Z
Visit the International Poster Exhibition in Glasgow,"A Celebration of Global Creativity The city of Glasgow is set to become a vibrant hub for design enthusiasts as the 2024 International Poster Exhibition opens its doors. This eagerly awaited showcase, running from Friday, November 29 to Thursday, December 5, …","The city of Glasgow is set to become a vibrant hub for design enthusiasts as the 2024 International Poster Exhibition opens its doors. This eagerly awaited showcase, running from Friday, November 29 … [+4166 chars]",https://weandthecolor.com/visit-the-international-poster-exhibition-glasgow/193299,Weandthecolor.com,2024-11-19T14:53:21Z
The Birth of a Saga: My Journey with the Tridevi Graphic Novel Series,Imagine standing amidst the bustling energy of the National Children’s Literature Festival clutching a prize for a short story titled “Healing of Wounds.” The pride and excitement of that defining moment ignited my exploration into the realm of children’s lit…,Imagine standing amidst the bustling energy of the National Children’s Literature Festival clutching a prize for a short story titled “Healing of Wounds.” The pride and excitement of that defining mo… [+7065 chars],https://www.fairobserver.com/region/central_south_asia/the-birth-of-a-saga-my-journey-with-the-tridevi-graphic-novel-series/,Fair Observer,2024-11-19T13:25:08Z
[Removed],[Removed],[Removed],https://removed.com,[Removed],2024-11-01T05:43:40Z
Passion vs Paycheque: How to navigate career crossroads,"In Nigeria’s changing job landscape, many are torn between the stability of a corporate paycheck and the desire to follow their passions, HENRY FALAIYE writes As Nigeria grapples with economic uncertainty, the dilemma of choosing between passion and paycheck …","In Nigerias changing job landscape, many are torn between the stability of a corporate paycheck and the desire to follow their passions, HENRY FALAIYE writes
As Nigeria grapples with economic uncert… [+9167 chars]",https://punchng.com/passion-vs-paycheque-how-to-navigate-career-crossroads/,The Punch,2024-11-18T00:28:19Z
IPC Celebrates National Apprenticeship Week with a Focus on Electronics Manufacturing Excellence,"Bannockburn, Illinois, Nov. 18, 2024 (GLOBE NEWSWIRE) -- IPC, a leading global electronics industry association and source for industry standards, training and advocacy, is proud to announce its participation in National Apprenticeship Week, scheduled for Nov…","Bannockburn, Illinois, Nov. 18, 2024 (GLOBE NEWSWIRE) -- IPC, a leading global electronics industry association and source for industry standards, training and advocacy, is proud to announce its part… [+5496 chars]",https://www.globenewswire.com/news-release/2024/11/18/2983035/0/en/IPC-Celebrates-National-Apprenticeship-Week-with-a-Focus-on-Electronics-Manufacturing-Excellence.html,GlobeNewswire,2024-11-18T17:14:00Z
Saoirse Ronan in conversation with Laura Dern,"In our Winter 2019 issue, we caught up with the star as she stepped into the shoes of America’s most fiercely loved literary heroine in Greta Gerwig’s Little Women","Taken from the winter 2019 issue of Dazed. You can pre-order a copy of our latest issue here.
When she was younger, Saoirse Ronan fell for Little Women; specifically, she fell hard for Jo March. Lou… [+20079 chars]",https://www.dazeddigital.com/film-tv/article/46762/1/saoirse-ronan-laura-dern-interview-timothee-chalamet-winter-2019,Dazed,2024-10-28T10:35:00Z
Victoria Sophia talks about ‘Eyes in the Trees’ film,"Actress, entrepreneur, and humanitarian Victoria Sophia chatted about her new movie ""Eyes in the Trees.""
The post Victoria Sophia talks about ‘Eyes in the Trees’ film appeared first on Digital Journal.","Victoria Sophia. Photo Credit: Dana Patrick Photography
Actress, entrepreneur, and humanitarian Victoria Sophia chatted about her new movie “Eyes in the Trees.”
Emmy winner Timothy Woodward Jr. dir… [+5157 chars]",https://www.digitaljournal.com/entertainment/victoria-sophia-talks-about-eyes-in-the-trees-film/article,Digital Journal,2024-11-08T22:27:14Z
